fold,epoch,train_loss,train_acc,val_loss,val_acc,val_f1_stress
Fold_01_S2,1,1.1372,58.98,1.1403,22.73,37.04
Fold_01_S2,2,0.9018,63.05,0.8305,68.18,53.33
Fold_01_S2,3,0.7858,81.02,0.6894,72.73,57.14
Fold_01_S2,4,0.5185,89.15,0.4663,77.27,61.54
Fold_01_S2,5,0.3091,94.92,0.6182,90.91,80.0
Fold_01_S2,6,0.2965,95.59,0.5518,86.36,72.73
Fold_01_S2,7,0.2226,94.24,1.1286,77.27,61.54
Fold_01_S2,8,0.1001,98.64,1.0043,90.91,80.0
Fold_01_S2,9,0.0489,100.0,0.966,86.36,72.73
Fold_01_S2,10,0.0245,100.0,1.1178,86.36,72.73
Fold_01_S2,11,0.0122,100.0,1.0947,90.91,80.0
Fold_01_S2,12,0.0087,100.0,1.0952,90.91,80.0
Fold_01_S2,13,0.0062,100.0,1.1195,90.91,80.0
Fold_01_S2,14,0.006,100.0,1.2084,90.91,80.0
Fold_01_S2,15,0.0044,100.0,1.2655,90.91,80.0
Fold_01_S2,16,0.0041,100.0,1.2858,86.36,72.73
Fold_01_S2,17,0.0031,100.0,1.3023,86.36,72.73
Fold_01_S2,18,0.0031,100.0,1.3365,86.36,72.73
Fold_01_S2,19,0.0022,100.0,1.3543,86.36,72.73
Fold_01_S2,20,0.0025,100.0,1.3762,86.36,72.73
Fold_02_S3,1,1.0425,66.55,1.0223,33.33,33.33
Fold_02_S3,2,0.8715,69.62,0.9818,58.33,16.67
Fold_02_S3,3,0.7324,79.18,1.0469,54.17,26.67
Fold_02_S3,4,0.5588,83.28,1.0513,58.33,28.57
Fold_02_S3,5,0.3487,91.13,0.9644,66.67,33.33
Fold_02_S3,6,0.1509,98.29,1.2385,66.67,33.33
Fold_02_S3,7,0.0588,100.0,1.315,75.0,40.0
Fold_02_S3,8,0.0213,100.0,1.2147,70.83,36.36
Fold_02_S3,9,0.0157,99.66,1.4518,79.17,44.44
Fold_02_S3,10,0.0127,100.0,1.3765,79.17,44.44
Fold_02_S3,11,0.0052,100.0,1.4653,79.17,44.44
Fold_02_S3,12,0.0038,100.0,1.4433,79.17,44.44
Fold_02_S3,13,0.0037,100.0,1.5331,79.17,44.44
Fold_02_S3,14,0.0025,100.0,1.5488,79.17,44.44
Fold_02_S3,15,0.0017,100.0,1.6196,79.17,44.44
Fold_02_S3,16,0.0017,100.0,1.6732,75.0,40.0
Fold_02_S3,17,0.0013,100.0,1.7289,75.0,40.0
Fold_02_S3,18,0.0013,100.0,1.8077,75.0,40.0
Fold_02_S3,19,0.0008,100.0,1.8394,79.17,44.44
Fold_02_S3,20,0.001,100.0,1.8646,75.0,40.0
Fold_03_S4,1,1.1129,53.58,0.869,37.5,28.57
Fold_03_S4,2,0.9296,75.43,0.7422,75.0,40.0
Fold_03_S4,3,0.7413,78.5,0.6406,87.5,57.14
Fold_03_S4,4,0.6074,80.89,0.5115,87.5,57.14
Fold_03_S4,5,0.4697,87.71,0.4861,91.67,66.67
Fold_03_S4,6,0.3292,91.81,0.345,95.83,85.71
Fold_03_S4,7,0.1242,98.98,0.2463,100.0,100.0
Fold_03_S4,8,0.053,99.66,0.142,100.0,100.0
Fold_03_S4,9,0.0321,99.66,0.1592,100.0,100.0
Fold_03_S4,10,0.0172,100.0,0.1536,95.83,88.89
Fold_03_S4,11,0.0094,100.0,0.2471,91.67,75.0
Fold_03_S4,12,0.0065,100.0,0.1874,95.83,88.89
Fold_03_S4,13,0.0049,100.0,0.1709,100.0,100.0
Fold_03_S4,14,0.0041,100.0,0.1631,100.0,100.0
Fold_03_S4,15,0.003,100.0,0.148,100.0,100.0
Fold_03_S4,16,0.0027,100.0,0.1402,100.0,100.0
Fold_03_S4,17,0.0025,100.0,0.1223,100.0,100.0
Fold_03_S4,18,0.0025,100.0,0.1203,100.0,100.0
Fold_03_S4,19,0.0017,100.0,0.1379,100.0,100.0
Fold_03_S4,20,0.0026,100.0,0.1063,100.0,100.0
Fold_04_S5,1,1.0503,57.14,0.8497,82.61,33.33
Fold_04_S5,2,0.8885,71.43,0.7311,82.61,33.33
Fold_04_S5,3,0.7521,75.17,0.7675,78.26,28.57
Fold_04_S5,4,0.5404,87.76,0.5815,86.96,66.67
Fold_04_S5,5,0.3638,90.48,0.5612,73.91,57.14
Fold_04_S5,6,0.1758,97.62,0.6958,82.61,50.0
Fold_04_S5,7,0.0678,99.66,1.1748,82.61,33.33
Fold_04_S5,8,0.027,100.0,1.0965,86.96,57.14
Fold_04_S5,9,0.0133,100.0,1.2313,82.61,33.33
Fold_04_S5,10,0.0092,100.0,1.4119,82.61,33.33
Fold_04_S5,11,0.006,100.0,1.4454,82.61,33.33
Fold_04_S5,12,0.0048,100.0,1.3905,82.61,33.33
Fold_04_S5,13,0.0041,100.0,1.3801,82.61,33.33
Fold_04_S5,14,0.0035,100.0,1.4748,82.61,33.33
Fold_04_S5,15,0.0035,100.0,1.4363,82.61,33.33
Fold_04_S5,16,0.0023,100.0,1.5311,82.61,33.33
Fold_04_S5,17,0.0024,100.0,1.5627,82.61,33.33
Fold_04_S5,18,0.0022,100.0,1.5851,82.61,33.33
Fold_04_S5,19,0.0017,100.0,1.662,82.61,33.33
Fold_04_S5,20,0.0014,100.0,1.7057,82.61,33.33
Fold_05_S6,1,1.0884,61.51,0.8986,57.69,47.62
Fold_05_S6,2,0.8762,59.79,0.7991,76.92,25.0
Fold_05_S6,3,0.7647,81.1,0.6599,80.77,54.55
Fold_05_S6,4,0.5259,87.97,0.63,76.92,40.0
Fold_05_S6,5,0.356,95.19,0.7367,84.62,50.0
Fold_05_S6,6,0.2231,96.91,0.6242,84.62,50.0
Fold_05_S6,7,0.1078,98.97,0.6628,84.62,50.0
Fold_05_S6,8,0.0386,100.0,0.8984,84.62,50.0
Fold_05_S6,9,0.019,100.0,0.8429,84.62,50.0
Fold_05_S6,10,0.0091,100.0,0.9766,84.62,50.0
Fold_05_S6,11,0.0083,100.0,1.0545,84.62,50.0
Fold_05_S6,12,0.0049,100.0,1.1643,88.46,57.14
Fold_05_S6,13,0.004,100.0,1.1643,88.46,57.14
Fold_05_S6,14,0.0035,100.0,1.1903,84.62,50.0
Fold_05_S6,15,0.0036,100.0,1.2585,84.62,50.0
Fold_05_S6,16,0.0027,100.0,1.2193,84.62,50.0
Fold_05_S6,17,0.0022,100.0,1.3179,84.62,50.0
Fold_05_S6,18,0.0018,100.0,1.362,84.62,50.0
Fold_05_S6,19,0.0019,100.0,1.3957,88.46,57.14
Fold_05_S6,20,0.0016,100.0,1.5845,88.46,57.14
Fold_06_S7,1,1.0528,56.71,0.7973,57.89,33.33
Fold_06_S7,2,0.8983,69.8,0.7954,78.95,50.0
Fold_06_S7,3,0.6713,82.21,0.9377,63.16,36.36
Fold_06_S7,4,0.4714,87.58,0.9977,78.95,50.0
Fold_06_S7,5,0.286,94.3,0.9177,78.95,60.0
Fold_06_S7,6,0.1359,96.98,1.4083,78.95,60.0
Fold_06_S7,7,0.0862,98.32,1.3467,84.21,57.14
Fold_06_S7,8,0.0638,99.33,1.2782,78.95,60.0
Fold_06_S7,9,0.0187,100.0,1.2912,89.47,75.0
Fold_06_S7,10,0.0129,100.0,1.3866,84.21,66.67
Fold_06_S7,11,0.0065,100.0,1.4335,84.21,66.67
Fold_06_S7,12,0.0039,100.0,1.4543,89.47,75.0
Fold_06_S7,13,0.0035,100.0,1.515,84.21,66.67
Fold_06_S7,14,0.0031,100.0,1.5532,89.47,75.0
Fold_06_S7,15,0.0026,100.0,1.5924,84.21,66.67
Fold_06_S7,16,0.0019,100.0,1.6213,89.47,75.0
Fold_06_S7,17,0.0018,100.0,1.662,89.47,75.0
Fold_06_S7,18,0.0015,100.0,1.6741,89.47,75.0
Fold_06_S7,19,0.0015,100.0,1.7149,89.47,75.0
Fold_06_S7,20,0.0017,100.0,1.7394,84.21,66.67
Fold_07_S8,1,1.0551,62.63,1.1365,30.0,36.36
Fold_07_S8,2,0.8516,70.03,1.1444,65.0,36.36
Fold_07_S8,3,0.691,82.49,1.3883,40.0,25.0
Fold_07_S8,4,0.4953,86.53,1.4821,50.0,28.57
Fold_07_S8,5,0.3043,94.95,1.7581,55.0,30.77
Fold_07_S8,6,0.205,96.3,2.0302,50.0,28.57
Fold_07_S8,7,0.108,98.65,2.0678,60.0,33.33
Fold_07_S8,8,0.0456,100.0,2.5309,55.0,30.77
Fold_07_S8,9,0.0221,100.0,2.9443,75.0,44.44
Fold_07_S8,10,0.0095,100.0,3.125,75.0,44.44
Fold_07_S8,11,0.0079,100.0,3.1495,75.0,44.44
Fold_07_S8,12,0.0045,100.0,3.1998,75.0,44.44
Fold_07_S8,13,0.0041,100.0,3.2997,70.0,40.0
Fold_07_S8,14,0.0032,100.0,3.3495,75.0,44.44
Fold_07_S8,15,0.0029,100.0,3.3918,75.0,44.44
Fold_07_S8,16,0.0022,100.0,3.4562,75.0,44.44
Fold_07_S8,17,0.0021,100.0,3.504,70.0,40.0
Fold_07_S8,18,0.0019,100.0,3.5354,70.0,40.0
Fold_07_S8,19,0.0019,100.0,3.5653,75.0,44.44
Fold_07_S8,20,0.0014,100.0,3.6072,70.0,40.0
Fold_08_S9,1,1.1053,56.71,0.74,84.21,66.67
Fold_08_S9,2,0.9344,69.13,0.5767,89.47,80.0
Fold_08_S9,3,0.74,81.88,0.4408,89.47,80.0
Fold_08_S9,4,0.5352,87.58,0.3295,94.74,88.89
Fold_08_S9,5,0.3377,91.95,0.2943,84.21,57.14
Fold_08_S9,6,0.1619,97.65,0.3376,89.47,66.67
Fold_08_S9,7,0.0664,100.0,0.5672,89.47,66.67
Fold_08_S9,8,0.023,100.0,0.2242,89.47,75.0
Fold_08_S9,9,0.0133,100.0,0.4561,89.47,66.67
Fold_08_S9,10,0.0081,100.0,0.4419,89.47,66.67
Fold_08_S9,11,0.0058,100.0,0.4588,89.47,66.67
Fold_08_S9,12,0.004,100.0,0.5033,89.47,66.67
Fold_08_S9,13,0.0034,100.0,0.4982,89.47,66.67
Fold_08_S9,14,0.0024,100.0,0.4887,89.47,66.67
Fold_08_S9,15,0.0022,100.0,0.5357,89.47,66.67
Fold_08_S9,16,0.0023,100.0,0.559,89.47,66.67
Fold_08_S9,17,0.0017,100.0,0.5188,89.47,66.67
Fold_08_S9,18,0.0016,100.0,0.5269,89.47,66.67
Fold_08_S9,19,0.0013,100.0,0.5603,89.47,66.67
Fold_08_S9,20,0.0012,100.0,0.4809,89.47,66.67
Fold_09_S10,1,1.1023,52.86,0.9017,65.0,53.33
Fold_09_S10,2,0.9408,73.74,0.8044,70.0,50.0
Fold_09_S10,3,0.78,79.46,0.6997,75.0,61.54
Fold_09_S10,4,0.6026,85.52,0.7101,75.0,61.54
Fold_09_S10,5,0.4188,89.56,0.4451,95.0,88.89
Fold_09_S10,6,0.2633,95.62,0.5374,95.0,88.89
Fold_09_S10,7,0.1432,98.65,0.9122,85.0,57.14
Fold_09_S10,8,0.0625,99.33,0.6976,85.0,66.67
Fold_09_S10,9,0.0281,100.0,0.8737,90.0,75.0
Fold_09_S10,10,0.0139,100.0,0.6829,90.0,75.0
Fold_09_S10,11,0.0093,100.0,0.932,90.0,75.0
Fold_09_S10,12,0.0054,100.0,0.7992,90.0,75.0
Fold_09_S10,13,0.0047,100.0,0.8835,90.0,75.0
Fold_09_S10,14,0.0034,100.0,0.9945,90.0,75.0
Fold_09_S10,15,0.0025,100.0,1.089,90.0,75.0
Fold_09_S10,16,0.0024,100.0,1.0554,90.0,75.0
Fold_09_S10,17,0.0021,100.0,1.085,90.0,75.0
Fold_09_S10,18,0.0022,100.0,1.1064,90.0,75.0
Fold_09_S10,19,0.0015,100.0,1.1398,90.0,75.0
Fold_09_S10,20,0.0016,100.0,1.1678,90.0,75.0
Fold_01_S2,S2,1,1.0765,58.31,0.9537,68.18,53.33
Fold_01_S2,S2,2,0.9231,70.17,0.7524,77.27,54.55
Fold_01_S2,S2,3,0.781,78.98,0.5236,90.91,75.0
Fold_01_S2,S2,4,0.5221,86.44,0.6511,86.36,66.67
Fold_01_S2,S2,5,0.4329,92.2,0.7572,72.73,57.14
Fold_01_S2,S2,6,0.1555,99.32,0.8263,86.36,72.73
Fold_01_S2,S2,7,0.0822,98.98,0.8558,90.91,80.0
Fold_01_S2,S2,8,0.0295,100.0,1.1554,90.91,80.0
Fold_01_S2,S2,9,0.0162,100.0,1.1997,86.36,72.73
Fold_01_S2,S2,10,0.0072,100.0,1.1694,90.91,80.0
Fold_01_S2,S2,11,0.0058,100.0,1.2427,90.91,80.0
Fold_01_S2,S2,12,0.0037,100.0,1.2691,86.36,72.73
Fold_01_S2,S2,13,0.004,100.0,1.3018,90.91,80.0
Fold_01_S2,S2,14,0.0028,100.0,1.2964,90.91,80.0
Fold_01_S2,S2,15,0.0026,100.0,1.3387,86.36,72.73
Fold_01_S2,S2,16,0.0019,100.0,1.3484,90.91,80.0
Fold_01_S2,S2,17,0.0017,100.0,1.365,90.91,80.0
Fold_01_S2,S2,18,0.0016,100.0,1.3839,86.36,72.73
Fold_01_S2,S2,19,0.0012,100.0,1.373,86.36,72.73
Fold_01_S2,S2,20,0.0014,100.0,1.4194,86.36,72.73
Fold_02_S3,S3,1,1.0432,55.97,0.964,54.17,26.67
Fold_02_S3,S3,2,0.9016,77.47,1.0694,37.5,21.05
Fold_02_S3,S3,3,0.7269,78.84,1.0436,58.33,28.57
Fold_02_S3,S3,4,0.5172,87.71,0.9698,62.5,30.77
Fold_02_S3,S3,5,0.3769,89.42,0.9569,66.67,33.33
Fold_02_S3,S3,6,0.1893,97.95,0.9711,62.5,47.06
Fold_02_S3,S3,7,0.1095,97.61,1.0126,70.83,36.36
Fold_02_S3,S3,8,0.0444,99.66,1.0586,75.0,40.0
Fold_02_S3,S3,9,0.0195,100.0,1.131,75.0,40.0
Fold_02_S3,S3,10,0.015,100.0,1.1725,75.0,40.0
Fold_02_S3,S3,11,0.0074,100.0,1.304,75.0,40.0
Fold_02_S3,S3,12,0.0051,100.0,1.396,70.83,36.36
Fold_02_S3,S3,13,0.0037,100.0,1.4863,70.83,36.36
Fold_02_S3,S3,14,0.0033,100.0,1.5268,70.83,36.36
Fold_02_S3,S3,15,0.0031,100.0,1.5742,70.83,36.36
Fold_02_S3,S3,16,0.0026,100.0,1.6291,70.83,36.36
Fold_02_S3,S3,17,0.002,100.0,1.6596,70.83,36.36
Fold_02_S3,S3,18,0.0028,100.0,1.6552,70.83,36.36
Fold_02_S3,S3,19,0.002,100.0,1.6598,75.0,50.0
Fold_02_S3,S3,20,0.0015,100.0,1.746,70.83,36.36
Fold_03_S4,S4,1,1.0386,59.39,0.8526,83.33,50.0
Fold_03_S4,S4,2,0.9417,77.47,0.6488,91.67,75.0
Fold_03_S4,S4,3,0.679,81.23,0.5623,83.33,66.67
Fold_03_S4,S4,4,0.5989,82.59,0.4684,95.83,85.71
Fold_03_S4,S4,5,0.3659,92.49,0.3111,100.0,100.0
Fold_03_S4,S4,6,0.1551,97.95,0.2695,91.67,75.0
Fold_03_S4,S4,7,0.0635,100.0,0.2188,95.83,85.71
Fold_03_S4,S4,8,0.0503,99.66,0.2406,95.83,88.89
Fold_03_S4,S4,9,0.0247,100.0,0.4545,95.83,85.71
Fold_03_S4,S4,10,0.0094,100.0,0.6118,95.83,85.71
Fold_03_S4,S4,11,0.0052,100.0,0.7263,95.83,85.71
Fold_03_S4,S4,12,0.0041,100.0,0.7141,95.83,85.71
Fold_03_S4,S4,13,0.0039,100.0,0.6691,95.83,85.71
Fold_03_S4,S4,14,0.0028,100.0,0.7337,95.83,85.71
Fold_03_S4,S4,15,0.0025,100.0,0.7294,95.83,85.71
Fold_03_S4,S4,16,0.0021,100.0,0.7272,95.83,85.71
Fold_03_S4,S4,17,0.0016,100.0,0.7033,95.83,85.71
Fold_03_S4,S4,18,0.0016,100.0,0.7322,95.83,85.71
Fold_03_S4,S4,19,0.0014,100.0,0.6419,95.83,85.71
Fold_03_S4,S4,20,0.0011,100.0,0.6563,95.83,85.71
Fold_04_S5,S5,1,1.1013,52.72,0.8512,65.22,50.0
Fold_04_S5,S5,2,0.8234,74.83,0.7292,82.61,33.33
Fold_04_S5,S5,3,0.6822,83.67,0.5073,91.3,75.0
Fold_04_S5,S5,4,0.4808,87.76,0.5664,82.61,60.0
Fold_04_S5,S5,5,0.2866,94.22,0.5123,82.61,60.0
Fold_04_S5,S5,6,0.1232,98.3,1.109,73.91,25.0
Fold_04_S5,S5,7,0.0442,99.66,1.4594,73.91,25.0
Fold_04_S5,S5,8,0.0201,100.0,1.1254,78.26,28.57
Fold_04_S5,S5,9,0.0097,100.0,1.7741,82.61,33.33
Fold_04_S5,S5,10,0.0066,100.0,1.2152,73.91,25.0
Fold_04_S5,S5,11,0.005,100.0,1.6768,82.61,33.33
Fold_04_S5,S5,12,0.0032,100.0,1.7315,82.61,33.33
Fold_04_S5,S5,13,0.0031,100.0,1.577,82.61,33.33
Fold_04_S5,S5,14,0.0025,100.0,1.6242,82.61,33.33
Fold_04_S5,S5,15,0.0018,100.0,1.696,82.61,33.33
Fold_04_S5,S5,16,0.0016,100.0,1.694,82.61,33.33
Fold_04_S5,S5,17,0.0018,100.0,1.7737,82.61,33.33
Fold_04_S5,S5,18,0.0013,100.0,1.7707,82.61,33.33
Fold_04_S5,S5,19,0.001,100.0,1.8313,82.61,33.33
Fold_04_S5,S5,20,0.0011,100.0,1.8648,82.61,33.33
Fold_05_S6,S6,1,1.088,42.96,0.8596,84.62,50.0
Fold_05_S6,S6,2,0.9136,80.76,0.8371,73.08,46.15
Fold_05_S6,S6,3,0.7946,79.04,0.7702,73.08,46.15
Fold_05_S6,S6,4,0.5782,82.13,0.7788,84.62,50.0
Fold_05_S6,S6,5,0.415,91.07,0.8091,84.62,50.0
Fold_05_S6,S6,6,0.2063,97.94,0.6232,76.92,40.0
Fold_05_S6,S6,7,0.0937,99.31,0.807,84.62,50.0
Fold_05_S6,S6,8,0.0544,99.66,0.8351,84.62,50.0
Fold_05_S6,S6,9,0.0257,100.0,0.6812,84.62,50.0
Fold_05_S6,S6,10,0.0108,100.0,0.8991,84.62,50.0
Fold_05_S6,S6,11,0.0081,100.0,0.8675,84.62,50.0
Fold_05_S6,S6,12,0.0053,100.0,0.9069,84.62,50.0
Fold_05_S6,S6,13,0.0043,100.0,0.9639,84.62,50.0
Fold_05_S6,S6,14,0.0035,100.0,0.9365,84.62,50.0
Fold_05_S6,S6,15,0.0029,100.0,1.0313,84.62,50.0
Fold_05_S6,S6,16,0.0025,100.0,1.0151,84.62,50.0
Fold_05_S6,S6,17,0.0023,100.0,1.0198,84.62,50.0
Fold_05_S6,S6,18,0.0023,100.0,0.9927,84.62,50.0
Fold_05_S6,S6,19,0.0018,100.0,1.1134,84.62,50.0
Fold_05_S6,S6,20,0.0016,100.0,1.1029,84.62,50.0
Fold_06_S7,S7,1,1.1013,55.37,0.7841,57.89,42.86
Fold_06_S7,S7,2,0.8873,72.82,0.8415,63.16,36.36
Fold_06_S7,S7,3,0.7102,81.21,0.8587,68.42,40.0
Fold_06_S7,S7,4,0.5309,86.91,0.944,63.16,46.15
Fold_06_S7,S7,5,0.2977,94.3,0.9035,68.42,50.0
Fold_06_S7,S7,6,0.1489,97.65,0.8954,78.95,50.0
Fold_06_S7,S7,7,0.0507,99.66,0.9899,68.42,40.0
Fold_06_S7,S7,8,0.0213,100.0,1.1003,68.42,40.0
Fold_06_S7,S7,9,0.0135,100.0,1.0867,68.42,40.0
Fold_06_S7,S7,10,0.0075,100.0,1.1668,68.42,40.0
Fold_06_S7,S7,11,0.006,100.0,1.2043,73.68,44.44
Fold_06_S7,S7,12,0.005,100.0,1.277,73.68,54.55
Fold_06_S7,S7,13,0.0033,100.0,1.2561,73.68,44.44
Fold_06_S7,S7,14,0.0027,100.0,1.2586,78.95,60.0
Fold_06_S7,S7,15,0.0027,100.0,1.3685,73.68,44.44
Fold_06_S7,S7,16,0.002,100.0,1.3638,73.68,44.44
Fold_06_S7,S7,17,0.0017,100.0,1.3738,78.95,60.0
Fold_06_S7,S7,18,0.002,100.0,1.4095,78.95,60.0
Fold_06_S7,S7,19,0.0014,100.0,1.4333,78.95,60.0
Fold_06_S7,S7,20,0.0012,100.0,1.4308,78.95,60.0
Fold_07_S8,S8,1,1.1408,55.56,1.0634,35.0,23.53
Fold_07_S8,S8,2,0.9052,73.4,1.1688,55.0,30.77
Fold_07_S8,S8,3,0.7264,80.47,1.3792,65.0,36.36
Fold_07_S8,S8,4,0.4753,87.21,1.4851,70.0,40.0
Fold_07_S8,S8,5,0.3809,90.24,1.6868,70.0,40.0
Fold_07_S8,S8,6,0.1925,96.97,1.9134,70.0,40.0
Fold_07_S8,S8,7,0.0713,100.0,2.1641,65.0,22.22
Fold_07_S8,S8,8,0.0282,100.0,2.3618,70.0,40.0
Fold_07_S8,S8,9,0.0137,100.0,2.5465,70.0,40.0
Fold_07_S8,S8,10,0.0088,100.0,2.7558,65.0,22.22
Fold_07_S8,S8,11,0.0062,100.0,2.8917,65.0,22.22
Fold_07_S8,S8,12,0.0048,100.0,3.0238,65.0,22.22
Fold_07_S8,S8,13,0.0043,100.0,3.1365,65.0,22.22
Fold_07_S8,S8,14,0.0027,100.0,3.2161,65.0,22.22
Fold_07_S8,S8,15,0.0026,100.0,3.2721,65.0,22.22
Fold_07_S8,S8,16,0.0028,100.0,3.3567,65.0,22.22
Fold_07_S8,S8,17,0.0017,100.0,3.4252,65.0,22.22
Fold_07_S8,S8,18,0.0025,100.0,3.4414,65.0,22.22
Fold_07_S8,S8,19,0.0015,100.0,3.4976,65.0,22.22
Fold_07_S8,S8,20,0.0016,100.0,3.5504,65.0,22.22
Fold_08_S9,S9,1,1.1052,53.36,0.8198,63.16,53.33
Fold_08_S9,S9,2,0.884,73.15,0.6599,84.21,72.73
Fold_08_S9,S9,3,0.8013,73.49,0.4843,89.47,80.0
Fold_08_S9,S9,4,0.6399,87.25,0.7263,73.68,61.54
Fold_08_S9,S9,5,0.4276,91.28,0.5859,78.95,66.67
Fold_08_S9,S9,6,0.2918,93.62,0.3294,94.74,85.71
Fold_08_S9,S9,7,0.0976,98.66,0.2778,89.47,66.67
Fold_08_S9,S9,8,0.0393,100.0,0.3064,94.74,85.71
Fold_08_S9,S9,9,0.0144,100.0,0.2238,94.74,85.71
Fold_08_S9,S9,10,0.0087,100.0,0.2866,94.74,85.71
Fold_08_S9,S9,11,0.006,100.0,0.2992,94.74,85.71
Fold_08_S9,S9,12,0.0045,100.0,0.3232,94.74,85.71
Fold_08_S9,S9,13,0.0035,100.0,0.3267,94.74,85.71
Fold_08_S9,S9,14,0.003,100.0,0.325,94.74,85.71
Fold_08_S9,S9,15,0.0026,100.0,0.3474,94.74,85.71
Fold_08_S9,S9,16,0.0024,100.0,0.3368,94.74,85.71
Fold_08_S9,S9,17,0.0018,100.0,0.3432,94.74,85.71
Fold_08_S9,S9,18,0.0017,100.0,0.3384,94.74,85.71
Fold_08_S9,S9,19,0.0016,100.0,0.3208,94.74,85.71
Fold_08_S9,S9,20,0.0016,100.0,0.3195,94.74,85.71
Fold_09_S10,S10,1,1.0257,59.26,0.8079,75.0,54.55
Fold_09_S10,S10,2,0.8753,75.76,0.7496,75.0,61.54
Fold_09_S10,S10,3,0.7064,77.78,0.6291,85.0,72.73
Fold_09_S10,S10,4,0.4407,90.91,0.6884,90.0,75.0
Fold_09_S10,S10,5,0.2917,95.29,0.7885,90.0,75.0
Fold_09_S10,S10,6,0.136,98.65,0.9191,85.0,57.14
Fold_09_S10,S10,7,0.0642,100.0,0.9608,90.0,75.0
Fold_09_S10,S10,8,0.025,100.0,1.0134,90.0,75.0
Fold_09_S10,S10,9,0.0104,100.0,1.2363,90.0,75.0
Fold_09_S10,S10,10,0.0063,100.0,1.2703,90.0,75.0
Fold_09_S10,S10,11,0.0059,100.0,1.2851,90.0,75.0
Fold_09_S10,S10,12,0.0038,100.0,1.3874,90.0,75.0
Fold_09_S10,S10,13,0.0028,100.0,1.4395,90.0,75.0
Fold_09_S10,S10,14,0.003,100.0,1.5308,90.0,75.0
Fold_09_S10,S10,15,0.0023,100.0,1.5513,90.0,75.0
Fold_09_S10,S10,16,0.0018,100.0,1.5364,90.0,75.0
Fold_09_S10,S10,17,0.0017,100.0,1.5759,90.0,75.0
Fold_09_S10,S10,18,0.0014,100.0,1.6384,90.0,75.0
Fold_09_S10,S10,19,0.0014,100.0,1.6314,90.0,75.0
Fold_09_S10,S10,20,0.001,100.0,1.6574,90.0,75.0
Fold_10_S11,S11,1,1.0966,60.74,0.8304,57.89,55.56
Fold_10_S11,S11,2,0.9053,62.42,0.6447,84.21,66.67
Fold_10_S11,S11,3,0.6913,87.25,0.6319,73.68,61.54
Fold_10_S11,S11,4,0.548,83.89,0.5658,78.95,66.67
Fold_10_S11,S11,5,0.3036,93.96,0.6787,68.42,40.0
Fold_10_S11,S11,6,0.1157,98.99,0.8504,73.68,44.44
Fold_10_S11,S11,7,0.0519,99.66,0.5925,84.21,72.73
Fold_10_S11,S11,8,0.0236,100.0,0.8797,78.95,60.0
Fold_10_S11,S11,9,0.0126,100.0,1.2403,78.95,50.0
Fold_10_S11,S11,10,0.0084,100.0,0.9863,78.95,60.0
Fold_10_S11,S11,11,0.0038,100.0,1.1373,78.95,50.0
Fold_10_S11,S11,12,0.0035,100.0,1.0989,78.95,50.0
Fold_10_S11,S11,13,0.0029,100.0,1.0151,84.21,66.67
Fold_10_S11,S11,14,0.0021,100.0,1.1771,78.95,50.0
Fold_10_S11,S11,15,0.0022,100.0,1.2655,78.95,50.0
Fold_10_S11,S11,16,0.0019,100.0,1.2639,78.95,50.0
Fold_10_S11,S11,17,0.0013,100.0,1.3042,78.95,50.0
Fold_10_S11,S11,18,0.0014,100.0,1.2578,78.95,50.0
Fold_10_S11,S11,19,0.0015,100.0,1.3166,78.95,50.0
Fold_10_S11,S11,20,0.0012,100.0,1.3774,78.95,50.0
Fold_11_S13,S13,1,1.1107,59.93,0.8885,35.0,43.48
Fold_11_S13,S13,2,0.935,67.34,0.5571,95.0,88.89
Fold_11_S13,S13,3,0.7635,78.11,0.4062,90.0,80.0
Fold_11_S13,S13,4,0.5548,90.24,0.3728,90.0,83.33
Fold_11_S13,S13,5,0.3693,90.57,0.2297,95.0,90.91
Fold_11_S13,S13,6,0.1862,97.31,0.2592,90.0,80.0
Fold_11_S13,S13,7,0.1582,96.63,0.396,90.0,80.0
Fold_11_S13,S13,8,0.0718,99.33,0.1794,95.0,88.89
Fold_11_S13,S13,9,0.0228,100.0,0.1303,95.0,90.91
Fold_11_S13,S13,10,0.0096,100.0,0.2576,90.0,80.0
Fold_11_S13,S13,11,0.0076,100.0,0.2532,90.0,80.0
Fold_11_S13,S13,12,0.0057,100.0,0.2482,90.0,80.0
Fold_11_S13,S13,13,0.005,100.0,0.2554,90.0,80.0
Fold_11_S13,S13,14,0.0038,100.0,0.2523,90.0,80.0
Fold_11_S13,S13,15,0.003,100.0,0.2643,90.0,80.0
Fold_11_S13,S13,16,0.0031,100.0,0.2654,90.0,80.0
Fold_11_S13,S13,17,0.0027,100.0,0.3083,90.0,80.0
Fold_11_S13,S13,18,0.0025,100.0,0.3132,90.0,80.0
Fold_11_S13,S13,19,0.0021,100.0,0.2959,90.0,80.0
Fold_11_S13,S13,20,0.0017,100.0,0.3012,90.0,80.0
Fold_12_S14,S14,1,1.028,58.59,0.9396,70.0,0.0
Fold_12_S14,S14,2,0.8927,73.74,1.1204,50.0,16.67
Fold_12_S14,S14,3,0.6786,82.83,1.1073,65.0,36.36
Fold_12_S14,S14,4,0.5121,86.87,1.2585,75.0,28.57
Fold_12_S14,S14,5,0.3415,92.93,1.2724,75.0,28.57
Fold_12_S14,S14,6,0.2108,95.62,1.5629,75.0,28.57
Fold_12_S14,S14,7,0.0712,99.66,1.8861,75.0,28.57
Fold_12_S14,S14,8,0.0372,100.0,2.3591,75.0,28.57
Fold_12_S14,S14,9,0.0167,100.0,2.4965,75.0,28.57
Fold_12_S14,S14,10,0.0095,100.0,2.7452,70.0,0.0
Fold_12_S14,S14,11,0.0083,100.0,2.8046,75.0,28.57
Fold_12_S14,S14,12,0.0052,100.0,2.9006,75.0,28.57
Fold_12_S14,S14,13,0.0039,100.0,2.9945,75.0,28.57
Fold_12_S14,S14,14,0.0036,100.0,3.0166,75.0,28.57
Fold_12_S14,S14,15,0.0033,100.0,3.0176,75.0,28.57
Fold_12_S14,S14,16,0.0027,100.0,3.1978,75.0,28.57
Fold_12_S14,S14,17,0.0018,100.0,3.349,75.0,28.57
Fold_12_S14,S14,18,0.0017,100.0,3.3718,75.0,28.57
Fold_12_S14,S14,19,0.0015,100.0,3.4521,75.0,28.57
Fold_12_S14,S14,20,0.0014,100.0,3.5206,70.0,0.0
Fold_13_S15,S15,1,1.0543,54.03,0.826,73.68,0.0
Fold_13_S15,S15,2,0.8666,75.5,0.7561,78.95,33.33
Fold_13_S15,S15,3,0.7034,81.88,0.7927,78.95,50.0
Fold_13_S15,S15,4,0.5909,81.88,0.8223,78.95,50.0
Fold_13_S15,S15,5,0.3488,91.61,1.2205,78.95,0.0
Fold_13_S15,S15,6,0.2804,94.3,1.0334,73.68,0.0
Fold_13_S15,S15,7,0.1151,97.65,1.2385,84.21,40.0
Fold_13_S15,S15,8,0.0488,99.66,0.9991,73.68,44.44
Fold_13_S15,S15,9,0.0223,99.66,1.4368,84.21,40.0
Fold_13_S15,S15,10,0.0105,100.0,1.3155,78.95,33.33
Fold_13_S15,S15,11,0.0079,100.0,1.3785,78.95,33.33
Fold_13_S15,S15,12,0.0052,100.0,1.5235,78.95,33.33
Fold_13_S15,S15,13,0.0036,100.0,1.6416,78.95,33.33
Fold_13_S15,S15,14,0.0024,100.0,1.6781,78.95,33.33
Fold_13_S15,S15,15,0.0028,100.0,1.683,78.95,33.33
Fold_13_S15,S15,16,0.0027,100.0,1.7257,78.95,33.33
Fold_13_S15,S15,17,0.0019,100.0,1.7685,78.95,33.33
Fold_13_S15,S15,18,0.002,100.0,1.7896,78.95,33.33
Fold_13_S15,S15,19,0.0014,100.0,1.8093,78.95,33.33
Fold_13_S15,S15,20,0.0011,100.0,1.8742,78.95,33.33
Fold_14_S16,S16,1,1.1115,70.71,0.9719,35.0,43.48
Fold_14_S16,S16,2,0.9881,53.2,0.6675,90.0,80.0
Fold_14_S16,S16,3,0.7841,77.44,0.5352,90.0,80.0
Fold_14_S16,S16,4,0.5725,86.53,0.4442,90.0,80.0
Fold_14_S16,S16,5,0.4214,90.24,0.4447,90.0,80.0
Fold_14_S16,S16,6,0.1928,97.31,0.3599,95.0,88.89
Fold_14_S16,S16,7,0.0958,99.66,0.4054,90.0,80.0
Fold_14_S16,S16,8,0.0561,99.33,0.8426,90.0,75.0
Fold_14_S16,S16,9,0.0324,99.66,0.5877,90.0,75.0
Fold_14_S16,S16,10,0.0149,100.0,0.4881,90.0,75.0
Fold_14_S16,S16,11,0.0077,100.0,0.5143,90.0,75.0
Fold_14_S16,S16,12,0.0059,100.0,0.4285,90.0,75.0
Fold_14_S16,S16,13,0.0033,100.0,0.5245,90.0,75.0
Fold_14_S16,S16,14,0.0034,100.0,0.5549,90.0,75.0
Fold_14_S16,S16,15,0.0031,100.0,0.5357,90.0,75.0
Fold_14_S16,S16,16,0.0022,100.0,0.4971,90.0,75.0
Fold_14_S16,S16,17,0.0024,100.0,0.5357,90.0,75.0
Fold_14_S16,S16,18,0.0017,100.0,0.5611,90.0,75.0
Fold_14_S16,S16,19,0.0021,100.0,0.6702,90.0,75.0
Fold_14_S16,S16,20,0.0013,100.0,0.6798,90.0,75.0
Fold_15_S17,S17,1,1.1144,51.19,1.0664,68.18,0.0
Fold_15_S17,S17,2,0.8775,70.85,1.2629,72.73,0.0
Fold_15_S17,S17,3,0.7904,79.32,1.2464,68.18,22.22
Fold_15_S17,S17,4,0.5463,88.14,1.4241,59.09,18.18
Fold_15_S17,S17,5,0.3954,90.85,1.9195,72.73,25.0
Fold_15_S17,S17,6,0.178,98.31,2.4096,77.27,28.57
Fold_15_S17,S17,7,0.0659,99.66,3.2928,81.82,33.33
Fold_15_S17,S17,8,0.0346,100.0,3.1632,72.73,25.0
Fold_15_S17,S17,9,0.0142,100.0,4.0393,77.27,0.0
Fold_15_S17,S17,10,0.0098,100.0,3.604,77.27,28.57
Fold_15_S17,S17,11,0.0049,100.0,3.8474,77.27,28.57
Fold_15_S17,S17,12,0.0035,100.0,4.1162,77.27,28.57
Fold_15_S17,S17,13,0.0028,100.0,4.2658,77.27,28.57
Fold_15_S17,S17,14,0.0022,100.0,4.3995,77.27,28.57
Fold_15_S17,S17,15,0.002,100.0,4.4999,77.27,28.57
Fold_15_S17,S17,16,0.0019,100.0,4.648,81.82,33.33
Fold_15_S17,S17,17,0.0018,100.0,4.7085,77.27,28.57
Fold_15_S17,S17,18,0.0012,100.0,4.7441,77.27,28.57
Fold_15_S17,S17,19,0.001,100.0,4.7848,77.27,28.57
Fold_15_S17,S17,20,0.0013,100.0,4.9225,81.82,33.33
