fold,subject,epoch,train_loss,train_acc,val_loss,val_acc,val_f1_stress
Fold_01_G,G,1,0.5488,50.65,0.5587,38.82,16.13
Fold_01_G,G,2,0.556,48.37,0.5621,57.65,70.97
Fold_01_G,G,3,0.5417,51.31,0.5571,48.24,43.59
Fold_01_G,G,4,0.5309,55.77,0.5518,54.12,49.35
Fold_01_G,G,5,0.5078,58.61,0.7761,51.76,66.12
Fold_01_G,G,6,0.5013,62.75,0.7506,56.47,71.32
Fold_01_G,G,7,0.4974,60.46,0.6878,43.53,52.94
Fold_01_G,G,8,0.4707,65.8,0.7031,51.76,54.95
Fold_01_G,G,9,0.4498,67.43,0.8939,48.24,62.71
Fold_01_G,G,10,0.4365,67.32,0.6615,49.41,58.25
Fold_01_G,G,11,0.4393,69.61,0.6725,38.82,36.59
Fold_01_G,G,12,0.4028,73.75,0.714,47.06,48.28
Fold_01_G,G,13,0.3643,76.36,0.8022,51.76,48.1
Fold_01_G,G,14,0.3475,76.36,0.6788,50.59,46.15
Fold_01_G,G,15,0.4004,71.79,0.5923,47.06,38.36
Fold_01_G,G,16,0.3447,77.89,0.9079,54.12,64.86
Fold_01_G,G,17,0.2949,82.9,0.8357,48.24,50.0
Fold_01_G,G,18,0.3119,80.5,0.9649,51.76,59.41
Fold_01_G,G,19,0.2979,83.55,0.97,58.82,67.29
Fold_01_G,G,20,0.2966,82.79,0.7988,51.76,48.1
Fold_02_H,H,1,0.564,44.99,0.5775,60.0,75.0
Fold_02_H,H,2,0.5468,49.56,0.5705,60.0,75.0
Fold_02_H,H,3,0.5462,49.89,0.5624,61.18,74.42
Fold_02_H,H,4,0.5448,52.72,0.5559,45.88,23.33
Fold_02_H,H,5,0.5458,52.51,0.5611,49.41,56.57
Fold_02_H,H,6,0.5411,49.13,0.5706,47.06,47.06
Fold_02_H,H,7,0.5399,53.81,0.5557,42.35,42.35
Fold_02_H,H,8,0.5255,57.63,0.5693,47.06,48.28
Fold_02_H,H,9,0.5174,58.17,0.5777,44.71,49.46
Fold_02_H,H,10,0.5105,56.86,0.5887,44.71,29.85
Fold_02_H,H,11,0.4999,61.0,0.5748,48.24,35.29
Fold_02_H,H,12,0.4829,61.44,0.5924,47.06,47.06
Fold_02_H,H,13,0.4925,62.53,0.7047,41.18,35.9
Fold_02_H,H,14,0.459,66.56,0.644,40.0,23.88
Fold_02_H,H,15,0.455,64.6,0.6502,51.76,43.84
Fold_02_H,H,16,0.4445,66.78,0.7597,48.24,45.0
Fold_02_H,H,17,0.4193,71.79,0.621,47.06,32.84
Fold_02_H,H,18,0.3917,73.53,0.7015,42.35,28.99
Fold_02_H,H,19,0.3488,76.8,0.8599,47.06,28.57
Fold_02_H,H,20,0.3094,80.28,1.0127,38.82,21.21
Fold_03_I,I,1,0.5555,49.24,0.5544,40.0,0.0
Fold_03_I,I,2,0.5479,52.83,0.5573,40.0,0.0
Fold_03_I,I,3,0.5505,45.75,0.5659,60.0,75.0
Fold_03_I,I,4,0.5432,48.91,0.5704,28.24,39.6
Fold_03_I,I,5,0.5354,53.27,0.6252,43.53,60.66
Fold_03_I,I,6,0.5283,58.06,0.6087,32.94,14.93
Fold_03_I,I,7,0.5126,62.64,0.6232,38.82,43.48
Fold_03_I,I,8,0.5007,62.2,0.6436,41.18,16.67
Fold_03_I,I,9,0.4848,66.34,0.6303,36.47,28.95
Fold_03_I,I,10,0.473,66.45,0.646,29.41,25.0
Fold_03_I,I,11,0.4522,70.15,0.5817,40.0,16.39
Fold_03_I,I,12,0.429,71.79,0.739,28.24,37.11
Fold_03_I,I,13,0.397,76.36,0.6578,38.82,18.75
Fold_03_I,I,14,0.3229,80.94,0.8834,32.94,38.71
Fold_03_I,I,15,0.3167,82.24,0.9259,31.76,9.38
Fold_03_I,I,16,0.2627,84.86,1.7697,35.29,48.6
Fold_03_I,I,17,0.2542,85.73,1.6848,37.65,52.25
Fold_03_I,I,18,0.2179,87.8,1.4906,29.41,30.23
Fold_03_I,I,19,0.1722,90.85,1.7014,30.59,33.71
Fold_03_I,I,20,0.176,91.29,1.4059,27.06,22.5
Fold_04_J,J,1,0.5482,51.96,0.5516,40.0,0.0
Fold_04_J,J,2,0.5562,47.71,0.5589,60.0,75.0
Fold_04_J,J,3,0.551,48.58,0.5389,68.24,70.33
Fold_04_J,J,4,0.545,52.94,0.5507,60.0,75.0
Fold_04_J,J,5,0.5412,53.59,0.4912,60.0,59.52
Fold_04_J,J,6,0.5258,58.82,0.5147,52.94,42.86
Fold_04_J,J,7,0.5097,64.49,0.4831,63.53,66.67
Fold_04_J,J,8,0.5037,64.16,0.5096,57.65,57.14
Fold_04_J,J,9,0.4796,67.97,0.5147,56.47,61.05
Fold_04_J,J,10,0.4496,71.57,0.6162,64.71,73.68
Fold_04_J,J,11,0.4434,69.61,0.5776,55.29,57.78
Fold_04_J,J,12,0.4235,73.31,0.5797,51.76,53.93
Fold_04_J,J,13,0.3461,79.74,0.839,52.94,65.52
Fold_04_J,J,14,0.3569,79.08,0.6403,42.35,30.99
Fold_04_J,J,15,0.3158,79.96,0.9661,31.76,19.44
Fold_04_J,J,16,0.3028,83.22,0.8408,57.65,69.49
Fold_04_J,J,17,0.2766,84.86,0.8528,42.35,43.68
Fold_04_J,J,18,0.2286,88.24,1.2218,50.59,59.62
Fold_04_J,J,19,0.1964,90.31,1.2814,56.47,67.83
Fold_04_J,J,20,0.2229,89.0,0.8896,49.41,52.75
Fold_05_K,K,1,0.5521,48.8,0.5649,60.0,75.0
Fold_05_K,K,2,0.5494,49.78,0.5528,40.0,0.0
Fold_05_K,K,3,0.5532,48.58,0.5547,58.82,56.79
Fold_05_K,K,4,0.5403,51.74,0.5746,64.71,77.27
Fold_05_K,K,5,0.5328,54.25,0.5632,64.71,71.7
Fold_05_K,K,6,0.5268,57.41,0.5333,58.82,60.67
Fold_05_K,K,7,0.52,60.89,0.5352,51.76,42.25
Fold_05_K,K,8,0.5272,61.76,0.5831,56.47,66.67
Fold_05_K,K,9,0.5009,64.05,0.5565,62.35,69.81
Fold_05_K,K,10,0.477,68.95,0.5974,64.71,68.75
Fold_05_K,K,11,0.4362,71.35,0.7527,58.82,68.47
Fold_05_K,K,12,0.4708,71.46,0.7386,57.65,65.38
Fold_05_K,K,13,0.4278,72.77,0.7753,48.24,51.11
Fold_05_K,K,14,0.4096,74.73,0.7162,51.76,57.73
Fold_05_K,K,15,0.3701,77.89,0.6037,55.29,53.66
Fold_05_K,K,16,0.3377,80.94,0.6781,60.0,65.31
Fold_05_K,K,17,0.2868,84.97,1.0018,54.12,62.86
Fold_05_K,K,18,0.306,84.2,0.8986,55.29,63.46
Fold_05_K,K,19,0.2436,87.58,1.2576,50.59,61.11
Fold_05_K,K,20,0.2386,87.69,1.0055,49.41,55.67
Fold_06_L,L,1,0.5573,48.37,0.5585,49.41,46.91
Fold_06_L,L,2,0.5339,55.01,0.5946,56.47,69.92
Fold_06_L,L,3,0.5375,57.08,0.5636,49.41,42.67
Fold_06_L,L,4,0.5319,56.32,0.5661,55.29,62.75
Fold_06_L,L,5,0.5203,58.71,0.5328,48.24,37.14
Fold_06_L,L,6,0.5212,60.02,0.5331,49.41,42.67
Fold_06_L,L,7,0.5048,61.0,0.553,52.94,51.22
Fold_06_L,L,8,0.498,61.11,0.5964,54.12,58.95
Fold_06_L,L,9,0.4783,66.01,0.4869,62.35,58.97
Fold_06_L,L,10,0.4565,67.86,0.525,55.29,51.28
Fold_06_L,L,11,0.4307,71.57,0.4974,54.12,48.0
Fold_06_L,L,12,0.4309,70.15,0.5208,56.47,51.95
Fold_06_L,L,13,0.3872,75.05,0.5204,57.65,50.0
Fold_06_L,L,14,0.3954,75.38,0.5633,52.94,44.44
Fold_06_L,L,15,0.3591,78.98,0.6172,58.82,61.54
Fold_06_L,L,16,0.3158,81.15,0.7801,62.35,68.63
Fold_06_L,L,17,0.288,84.1,0.8909,67.06,73.58
Fold_06_L,L,18,0.275,84.42,0.7296,63.53,70.48
Fold_06_L,L,19,0.2447,87.25,0.8131,64.71,71.7
Fold_06_L,L,20,0.243,87.15,0.9296,58.82,63.16
Fold_07_M,M,1,0.5459,51.74,0.5506,40.0,0.0
Fold_07_M,M,2,0.5472,47.71,0.5821,60.0,75.0
Fold_07_M,M,3,0.5403,50.54,0.5627,45.88,43.9
Fold_07_M,M,4,0.5405,53.92,0.5632,47.06,38.36
Fold_07_M,M,5,0.5263,56.21,0.64,43.53,53.85
Fold_07_M,M,6,0.5265,57.41,0.5852,47.06,41.56
Fold_07_M,M,7,0.5163,58.61,0.604,45.88,39.47
Fold_07_M,M,8,0.5093,58.71,0.5982,47.06,36.62
Fold_07_M,M,9,0.5094,60.89,0.6023,43.53,35.14
Fold_07_M,M,10,0.4923,61.11,0.6193,48.24,45.0
Fold_07_M,M,11,0.4735,66.01,0.6987,43.53,46.67
Fold_07_M,M,12,0.462,67.43,0.6638,41.18,40.48
Fold_07_M,M,13,0.4414,67.76,0.768,49.41,42.67
Fold_07_M,M,14,0.4251,69.93,0.7906,50.59,66.13
Fold_07_M,M,15,0.4035,74.73,0.8856,49.41,58.25
Fold_07_M,M,16,0.3819,77.67,0.7623,50.59,55.32
Fold_07_M,M,17,0.3489,79.3,0.8332,45.88,51.06
Fold_07_M,M,18,0.3089,83.44,0.9922,51.76,64.96
Fold_07_M,M,19,0.296,83.66,0.8477,47.06,56.31
Fold_07_M,M,20,0.2526,87.04,0.8494,44.71,35.62
Fold_08_O,O,1,0.5427,51.2,0.5658,60.0,75.0
Fold_08_O,O,2,0.5512,49.89,0.5666,41.18,52.83
Fold_08_O,O,3,0.5409,55.23,0.5656,40.0,0.0
Fold_08_O,O,4,0.5322,57.41,0.653,24.71,34.69
Fold_08_O,O,5,0.5207,58.06,0.6197,40.0,19.05
Fold_08_O,O,6,0.5139,58.61,0.698,25.88,32.26
Fold_08_O,O,7,0.5088,61.11,0.6284,31.76,32.56
Fold_08_O,O,8,0.4916,63.29,0.65,40.0,26.09
Fold_08_O,O,9,0.4702,63.51,0.7467,40.0,30.14
Fold_08_O,O,10,0.4745,62.53,0.7162,23.53,26.97
Fold_08_O,O,11,0.4605,65.9,0.7705,32.94,43.56
Fold_08_O,O,12,0.4304,68.85,0.8201,29.41,41.18
Fold_08_O,O,13,0.4302,68.85,0.8555,35.29,38.2
Fold_08_O,O,14,0.3898,74.51,1.0306,23.53,23.53
Fold_08_O,O,15,0.385,73.75,0.8066,38.82,27.78
Fold_08_O,O,16,0.3707,76.14,0.8429,43.53,29.41
Fold_08_O,O,17,0.3587,75.27,1.1078,31.76,47.27
Fold_08_O,O,18,0.3233,78.76,1.1412,44.71,61.16
Fold_08_O,O,19,0.2941,83.01,1.0876,37.65,31.17
Fold_08_O,O,20,0.2626,84.64,1.2416,36.47,46.0
Fold_09_P,P,1,0.5521,50.98,0.5533,40.0,0.0
Fold_09_P,P,2,0.5544,50.22,0.5691,60.0,75.0
Fold_09_P,P,3,0.5433,52.94,0.5247,56.47,46.38
Fold_09_P,P,4,0.5372,56.21,0.5565,65.88,77.17
Fold_09_P,P,5,0.5271,56.21,0.5104,63.53,61.73
Fold_09_P,P,6,0.5175,58.82,0.5259,49.41,44.16
Fold_09_P,P,7,0.4977,61.66,0.5446,69.41,76.36
Fold_09_P,P,8,0.4988,61.98,0.5361,70.59,76.19
Fold_09_P,P,9,0.473,63.73,0.8422,62.35,75.38
Fold_09_P,P,10,0.4689,63.73,0.5348,64.71,75.0
Fold_09_P,P,11,0.4454,69.28,0.786,64.71,76.56
Fold_09_P,P,12,0.4382,69.61,0.598,68.24,75.68
Fold_09_P,P,13,0.4048,72.44,0.7859,65.88,75.21
Fold_09_P,P,14,0.3986,74.18,0.6935,60.0,70.69
Fold_09_P,P,15,0.3485,77.12,1.0952,61.18,73.6
Fold_09_P,P,16,0.3176,78.98,1.1447,55.29,65.45
Fold_09_P,P,17,0.3271,78.65,0.7949,54.12,63.55
Fold_09_P,P,18,0.3116,79.96,0.9793,60.0,72.13
Fold_09_P,P,19,0.2815,83.77,0.784,54.12,63.55
Fold_09_P,P,20,0.2158,87.25,1.1721,52.94,61.54
Fold_10_Q,Q,1,0.5568,49.35,0.5551,40.0,0.0
Fold_10_Q,Q,2,0.5473,51.74,0.5589,52.94,57.45
Fold_10_Q,Q,3,0.5367,52.51,0.5455,55.29,52.5
Fold_10_Q,Q,4,0.5219,58.39,0.5559,41.18,3.85
Fold_10_Q,Q,5,0.5481,51.63,0.5522,58.82,58.82
Fold_10_Q,Q,6,0.516,57.84,0.5529,55.29,52.5
Fold_10_Q,Q,7,0.5089,60.78,0.5788,51.76,48.1
Fold_10_Q,Q,8,0.4953,59.04,0.6234,63.53,73.5
Fold_10_Q,Q,9,0.4902,62.31,0.5789,48.24,38.89
Fold_10_Q,Q,10,0.4795,64.27,0.6455,60.0,72.13
Fold_10_Q,Q,11,0.4596,65.14,0.8678,58.82,71.07
Fold_10_Q,Q,12,0.4485,66.99,0.567,61.18,60.24
Fold_10_Q,Q,13,0.417,71.35,0.8624,63.53,74.38
Fold_10_Q,Q,14,0.4211,72.22,0.6511,63.53,71.03
Fold_10_Q,Q,15,0.343,79.19,0.7256,55.29,54.76
Fold_10_Q,Q,16,0.3414,79.19,0.8458,62.35,70.37
Fold_10_Q,Q,17,0.304,83.66,0.7517,60.0,66.0
Fold_10_Q,Q,18,0.2837,83.88,1.0398,60.0,69.09
Fold_10_Q,Q,19,0.2588,86.06,0.9758,65.88,73.87
Fold_10_Q,Q,20,0.275,83.99,0.7986,60.0,61.36
Fold_11_S,S,1,0.5548,51.74,0.5651,60.0,75.0
Fold_11_S,S,2,0.5427,50.44,0.5609,58.82,74.07
Fold_11_S,S,3,0.559,47.49,0.5438,42.35,7.55
Fold_11_S,S,4,0.5441,51.63,0.5519,69.41,79.37
Fold_11_S,S,5,0.534,56.21,0.5335,69.41,78.33
Fold_11_S,S,6,0.515,61.11,0.5008,67.06,74.55
Fold_11_S,S,7,0.4952,62.2,0.5356,64.71,75.41
Fold_11_S,S,8,0.4885,67.54,0.5606,55.29,67.24
Fold_11_S,S,9,0.4811,66.34,0.6431,61.18,75.19
Fold_11_S,S,10,0.4562,69.28,0.5355,58.82,66.67
Fold_11_S,S,11,0.4015,75.05,0.6268,49.41,53.76
Fold_11_S,S,12,0.3709,78.54,0.7795,57.65,69.49
Fold_11_S,S,13,0.328,81.15,0.9087,56.47,69.92
Fold_11_S,S,14,0.3168,82.46,0.8741,58.82,70.09
Fold_11_S,S,15,0.3152,83.55,0.8607,61.18,71.79
Fold_11_S,S,16,0.239,87.91,0.806,64.71,73.68
Fold_11_S,S,17,0.2222,88.67,1.2872,45.88,54.0
Fold_11_S,S,18,0.237,86.17,1.2007,58.82,71.54
Fold_11_S,S,19,0.1795,90.2,1.2105,55.29,64.81
Fold_11_S,S,20,0.1427,94.23,1.6375,62.35,75.38
Fold_12_T,T,1,0.5636,49.52,0.5591,75.0,85.71
Fold_12_T,T,2,0.5556,52.51,0.5769,47.06,56.1
Fold_12_T,T,3,0.5376,56.04,0.5738,36.76,45.57
Fold_12_T,T,4,0.5341,58.29,0.6463,35.29,45.0
Fold_12_T,T,5,0.519,59.25,0.5864,39.71,43.84
Fold_12_T,T,6,0.5304,57.33,0.6048,41.18,45.95
Fold_12_T,T,7,0.5122,59.57,0.5726,32.35,32.35
Fold_12_T,T,8,0.4949,59.89,0.5981,39.71,42.25
Fold_12_T,T,9,0.4901,62.03,0.5825,29.41,17.24
Fold_12_T,T,10,0.4885,61.5,0.5992,44.12,52.5
Fold_12_T,T,11,0.472,64.28,0.6551,27.94,19.67
Fold_12_T,T,12,0.4643,64.92,0.6665,41.18,45.95
Fold_12_T,T,13,0.4733,65.99,0.5721,41.18,52.38
Fold_12_T,T,14,0.454,70.27,0.6755,42.65,49.35
Fold_12_T,T,15,0.4129,74.76,0.6853,36.76,37.68
Fold_12_T,T,16,0.3909,75.94,0.867,42.65,53.01
Fold_12_T,T,17,0.3833,76.58,0.8167,36.76,35.82
Fold_12_T,T,18,0.3769,77.43,0.7965,41.18,50.0
Fold_12_T,T,19,0.3431,79.36,1.0612,42.65,58.06
Fold_12_T,T,20,0.3003,84.06,1.284,51.47,65.98
