fold,epoch,train_loss,train_acc,train_f1_stress,val_loss,val_acc,val_f1_stress
Fold_01_G,1,0.5477,54.47,61.01,0.5747,51.76,60.19
Fold_01_G,2,0.494,64.49,68.16,0.5966,56.47,62.63
Fold_01_G,3,0.4496,72.88,76.71,0.6009,49.41,45.57
Fold_01_G,4,0.3762,76.91,79.77,0.6822,56.47,62.63
Fold_01_G,5,0.2398,86.93,88.97,0.801,49.41,48.19
Fold_01_G,6,0.1135,95.32,96.11,0.8679,56.47,63.37
Fold_01_G,7,0.0287,99.46,99.55,1.4487,57.65,68.97
Fold_01_G,8,0.0117,99.78,99.82,1.3306,57.65,67.27
Fold_01_G,9,0.0031,100.0,100.0,1.2944,58.82,67.29
Fold_01_G,10,0.0016,100.0,100.0,1.6071,58.82,69.57
Fold_01_G,11,0.0011,100.0,100.0,1.6054,57.65,67.86
Fold_01_G,12,0.0008,100.0,100.0,1.7064,60.0,70.18
Fold_01_G,13,0.0006,100.0,100.0,1.6984,58.82,69.03
Fold_01_G,14,0.0005,100.0,100.0,1.8048,56.47,67.83
Fold_01_G,15,0.0005,100.0,100.0,1.7662,60.0,69.64
Fold_01_G,16,0.0004,100.0,100.0,1.6889,60.0,69.09
Fold_01_G,17,0.0003,100.0,100.0,1.7961,61.18,70.27
Fold_01_G,18,0.0003,100.0,100.0,1.9018,60.0,70.69
Fold_01_G,19,0.0003,100.0,100.0,1.8948,58.82,69.57
Fold_01_G,20,0.0002,100.0,100.0,1.948,58.82,69.57
Fold_02_H,1,0.5408,57.3,62.81,0.5346,45.88,25.81
Fold_02_H,2,0.4939,63.62,67.57,0.554,52.94,48.72
Fold_02_H,3,0.456,69.72,73.37,0.5741,55.29,55.81
Fold_02_H,4,0.3792,76.14,79.2,0.6157,55.29,60.42
Fold_02_H,5,0.2629,87.25,89.22,0.7549,52.94,47.37
Fold_02_H,6,0.1515,93.14,94.24,0.7948,50.59,50.0
Fold_02_H,7,0.0576,98.26,98.57,0.991,57.65,61.7
Fold_02_H,8,0.0236,99.24,99.37,1.2362,49.41,52.75
Fold_02_H,9,0.03,99.02,99.2,1.2645,45.88,43.9
Fold_02_H,10,0.0249,99.02,99.2,1.1674,50.59,51.16
Fold_02_H,11,0.009,99.78,99.82,1.5875,51.76,54.95
Fold_02_H,12,0.0019,100.0,100.0,1.5978,50.59,56.25
Fold_02_H,13,0.0009,100.0,100.0,1.6399,50.59,56.25
Fold_02_H,14,0.0008,100.0,100.0,1.6667,51.76,56.84
Fold_02_H,15,0.0006,100.0,100.0,1.7125,51.76,56.84
Fold_02_H,16,0.0005,100.0,100.0,1.7577,51.76,56.84
Fold_02_H,17,0.0004,100.0,100.0,1.793,51.76,56.84
Fold_02_H,18,0.0004,100.0,100.0,1.8117,52.94,57.45
Fold_02_H,19,0.0003,100.0,100.0,1.8602,51.76,56.84
Fold_02_H,20,0.0003,100.0,100.0,1.8884,51.76,56.84
Fold_03_I,1,0.5357,55.12,60.15,0.7114,36.47,50.0
Fold_03_I,2,0.4809,65.69,71.34,0.6553,49.41,33.85
Fold_03_I,3,0.4486,69.39,72.9,0.8142,38.82,39.53
Fold_03_I,4,0.3679,77.45,80.49,0.9272,36.47,41.3
Fold_03_I,5,0.2488,88.56,90.36,1.3075,27.06,31.11
Fold_03_I,6,0.1406,93.9,94.93,1.9446,34.12,47.17
Fold_03_I,7,0.0572,97.93,98.3,1.8752,29.41,31.82
Fold_03_I,8,0.0244,99.13,99.29,2.923,31.76,42.0
Fold_03_I,9,0.0119,99.67,99.73,2.7827,34.12,47.17
Fold_03_I,10,0.0051,100.0,100.0,3.2192,32.94,44.66
Fold_03_I,11,0.0013,100.0,100.0,3.3183,31.76,42.0
Fold_03_I,12,0.0009,100.0,100.0,3.5784,29.41,41.18
Fold_03_I,13,0.0006,100.0,100.0,3.6474,30.59,41.58
Fold_03_I,14,0.0006,100.0,100.0,3.7396,30.59,41.58
Fold_03_I,15,0.0005,100.0,100.0,3.8267,30.59,41.58
Fold_03_I,16,0.0004,100.0,100.0,3.9123,30.59,41.58
Fold_03_I,17,0.0003,100.0,100.0,3.9769,30.59,41.58
Fold_03_I,18,0.0003,100.0,100.0,4.0648,30.59,41.58
Fold_03_I,19,0.0002,100.0,100.0,4.1127,30.59,41.58
Fold_03_I,20,0.0002,100.0,100.0,4.2346,30.59,41.58
Fold_04_J,1,0.5472,54.79,60.59,0.5213,50.59,38.24
Fold_04_J,2,0.5078,62.75,68.1,0.5319,63.53,71.03
Fold_04_J,3,0.4483,70.15,73.5,0.5084,52.94,50.0
Fold_04_J,4,0.4006,73.86,76.88,0.5178,56.47,58.43
Fold_04_J,5,0.3024,82.68,85.01,0.6187,64.71,71.15
Fold_04_J,6,0.1471,93.36,94.44,1.309,62.35,74.19
Fold_04_J,7,0.0753,96.95,97.49,1.212,58.82,69.57
Fold_04_J,8,0.0192,99.24,99.37,1.6631,57.65,70.0
Fold_04_J,9,0.0096,99.89,99.91,1.1474,58.82,66.02
Fold_04_J,10,0.0032,100.0,100.0,1.4492,58.82,68.47
Fold_04_J,11,0.0009,100.0,100.0,1.6155,58.82,69.03
Fold_04_J,12,0.0009,100.0,100.0,1.6333,58.82,69.03
Fold_04_J,13,0.0005,100.0,100.0,1.7457,58.82,69.03
Fold_04_J,14,0.0005,100.0,100.0,1.8452,57.65,68.42
Fold_04_J,15,0.0004,100.0,100.0,1.8431,57.65,68.42
Fold_04_J,16,0.0003,100.0,100.0,1.8772,57.65,68.42
Fold_04_J,17,0.0003,100.0,100.0,1.9092,57.65,68.42
Fold_04_J,18,0.0002,100.0,100.0,1.9571,57.65,68.42
Fold_04_J,19,0.0002,100.0,100.0,2.0148,58.82,69.57
Fold_04_J,20,0.0002,100.0,100.0,2.0367,58.82,69.57
Fold_05_K,1,0.5496,55.66,60.98,0.5277,68.24,71.58
Fold_05_K,2,0.507,63.07,67.62,0.5225,69.41,72.92
Fold_05_K,3,0.4432,69.83,73.24,0.5768,62.35,65.96
Fold_05_K,4,0.3721,77.02,80.22,0.6073,64.71,70.0
Fold_05_K,5,0.2587,86.27,88.4,0.6984,65.88,72.38
Fold_05_K,6,0.1265,95.32,96.12,0.7735,62.35,68.0
Fold_05_K,7,0.0469,98.04,98.39,0.9549,65.88,70.1
Fold_05_K,8,0.0263,98.69,98.93,1.5188,60.0,67.92
Fold_05_K,9,0.0093,99.89,99.91,1.5599,61.18,70.27
Fold_05_K,10,0.0035,100.0,100.0,1.6518,60.0,68.52
Fold_05_K,11,0.0014,100.0,100.0,1.6953,60.0,68.52
Fold_05_K,12,0.001,100.0,100.0,1.7207,61.18,69.16
Fold_05_K,13,0.0008,100.0,100.0,1.8186,61.18,69.16
Fold_05_K,14,0.0006,100.0,100.0,1.886,60.0,68.52
Fold_05_K,15,0.0005,100.0,100.0,1.9157,61.18,69.16
Fold_05_K,16,0.0004,100.0,100.0,1.9448,61.18,69.16
Fold_05_K,17,0.0004,100.0,100.0,1.9965,61.18,69.16
Fold_05_K,18,0.0003,100.0,100.0,2.021,61.18,69.16
Fold_05_K,19,0.0003,100.0,100.0,2.0211,61.18,69.16
Fold_05_K,20,0.0002,100.0,100.0,2.1056,61.18,69.16
Fold_06_L,1,0.5477,52.18,55.52,0.5314,65.88,73.39
Fold_06_L,2,0.5099,62.31,67.66,0.5182,67.06,70.21
Fold_06_L,3,0.4782,69.06,73.21,0.5903,65.88,75.21
Fold_06_L,4,0.4228,71.9,75.14,0.5752,64.71,72.73
Fold_06_L,5,0.3217,83.55,86.26,0.6838,61.18,65.98
Fold_06_L,6,0.1781,91.61,92.92,1.151,62.35,73.77
Fold_06_L,7,0.0676,97.82,98.2,1.2698,65.88,75.63
Fold_06_L,8,0.0396,98.47,98.75,1.9585,60.0,71.67
Fold_06_L,9,0.0233,98.91,99.11,2.0363,67.06,77.42
Fold_06_L,10,0.005,100.0,100.0,1.975,71.76,80.0
Fold_06_L,11,0.0018,100.0,100.0,1.8247,71.76,79.66
Fold_06_L,12,0.0011,100.0,100.0,2.0785,69.41,78.33
Fold_06_L,13,0.0008,100.0,100.0,2.1165,69.41,78.33
Fold_06_L,14,0.0007,100.0,100.0,2.1327,69.41,78.33
Fold_06_L,15,0.0005,100.0,100.0,2.2392,69.41,78.33
Fold_06_L,16,0.0004,100.0,100.0,2.235,69.41,78.33
Fold_06_L,17,0.0004,100.0,100.0,2.312,69.41,78.33
Fold_06_L,18,0.0003,100.0,100.0,2.3716,69.41,78.33
Fold_06_L,19,0.0003,100.0,100.0,2.4069,69.41,78.33
Fold_06_L,20,0.0003,100.0,100.0,2.4143,69.41,78.33
Fold_07_M,1,0.544,54.25,59.54,0.5757,58.82,63.92
Fold_07_M,2,0.4906,66.45,70.72,0.6267,52.94,51.22
Fold_07_M,3,0.44,70.81,74.23,0.7393,54.12,65.49
Fold_07_M,4,0.3602,79.52,82.5,0.8014,52.94,60.78
Fold_07_M,5,0.2355,88.78,90.63,0.8464,51.76,46.75
Fold_07_M,6,0.1353,93.57,94.65,1.2252,52.94,65.52
Fold_07_M,7,0.0685,97.49,97.94,1.2687,52.94,65.52
Fold_07_M,8,0.0195,99.56,99.64,1.386,54.12,64.22
Fold_07_M,9,0.0058,99.89,99.91,1.5666,56.47,67.83
Fold_07_M,10,0.0026,100.0,100.0,1.5752,54.12,64.86
Fold_07_M,11,0.0014,100.0,100.0,1.7809,55.29,66.67
Fold_07_M,12,0.0011,100.0,100.0,1.8129,54.12,65.49
Fold_07_M,13,0.0007,100.0,100.0,1.8438,54.12,65.49
Fold_07_M,14,0.0006,100.0,100.0,1.8522,52.94,64.29
Fold_07_M,15,0.0004,100.0,100.0,1.9613,54.12,65.49
Fold_07_M,16,0.0004,100.0,100.0,1.9452,52.94,64.29
Fold_07_M,17,0.0004,100.0,100.0,2.004,52.94,64.29
Fold_07_M,18,0.0003,100.0,100.0,2.0445,52.94,64.29
Fold_07_M,19,0.0003,100.0,100.0,2.0609,52.94,64.29
Fold_07_M,20,0.0003,100.0,100.0,2.0032,52.94,64.29
Fold_08_O,1,0.5466,54.9,60.34,0.6248,50.59,58.0
Fold_08_O,2,0.4873,66.23,70.13,0.7186,43.53,48.94
Fold_08_O,3,0.4319,71.57,75.02,0.651,41.18,39.02
Fold_08_O,4,0.3706,77.56,80.31,0.8416,44.71,53.47
Fold_08_O,5,0.2595,87.04,88.89,0.9407,47.06,44.44
Fold_08_O,6,0.1473,93.79,94.81,1.5136,47.06,57.14
Fold_08_O,7,0.0493,98.91,99.11,1.9017,49.41,59.05
Fold_08_O,8,0.0233,99.46,99.55,1.8453,54.12,62.14
Fold_08_O,9,0.0078,99.89,99.91,2.0469,54.12,64.22
Fold_08_O,10,0.0143,99.46,99.55,1.7168,48.24,47.62
Fold_08_O,11,0.0164,99.46,99.55,1.9904,54.12,63.55
Fold_08_O,12,0.0233,98.8,99.02,2.1052,44.71,54.37
Fold_08_O,13,0.0515,97.28,97.77,1.6925,60.0,65.31
Fold_08_O,14,0.0164,99.56,99.64,2.2524,48.24,53.19
Fold_08_O,15,0.0037,100.0,100.0,2.449,43.53,52.0
Fold_08_O,16,0.0013,100.0,100.0,2.4953,45.88,54.9
Fold_08_O,17,0.0007,100.0,100.0,2.6364,44.71,54.37
Fold_08_O,18,0.0006,100.0,100.0,2.6843,45.88,54.9
Fold_08_O,19,0.0005,100.0,100.0,2.733,45.88,54.9
Fold_08_O,20,0.0004,100.0,100.0,2.7818,45.88,54.9
Fold_09_P,1,0.5461,55.01,60.78,0.5334,52.94,59.18
Fold_09_P,2,0.5028,63.18,67.5,0.5297,60.0,66.0
Fold_09_P,3,0.4506,70.7,75.21,0.4772,67.06,72.0
Fold_09_P,4,0.3869,76.14,79.32,0.6668,63.53,74.38
Fold_09_P,5,0.2464,86.71,88.85,0.6472,61.18,63.74
Fold_09_P,6,0.1059,95.21,95.99,1.2641,61.18,73.17
Fold_09_P,7,0.0511,98.26,98.57,1.3486,56.47,67.26
Fold_09_P,8,0.0248,99.02,99.19,0.9009,52.94,42.86
Fold_09_P,9,0.0127,99.35,99.46,1.0591,60.0,65.31
Fold_09_P,10,0.0042,100.0,100.0,1.2207,54.12,58.95
Fold_09_P,11,0.0017,100.0,100.0,1.7707,54.12,63.55
Fold_09_P,12,0.001,100.0,100.0,1.7357,56.47,65.42
Fold_09_P,13,0.0007,100.0,100.0,1.7368,55.29,64.15
Fold_09_P,14,0.0006,100.0,100.0,1.7911,55.29,64.15
Fold_09_P,15,0.0004,100.0,100.0,1.7945,54.12,62.86
Fold_09_P,16,0.0004,100.0,100.0,1.8123,55.29,64.15
Fold_09_P,17,0.0003,100.0,100.0,1.8516,54.12,63.55
Fold_09_P,18,0.0003,100.0,100.0,1.8726,52.94,62.26
Fold_09_P,19,0.0002,100.0,100.0,1.8843,52.94,62.26
Fold_09_P,20,0.0003,100.0,100.0,1.9192,51.76,61.68
Fold_10_Q,1,0.5431,55.01,60.33,0.5555,67.06,75.86
Fold_10_Q,2,0.494,62.96,67.62,0.5387,65.88,73.39
Fold_10_Q,3,0.4568,68.19,72.56,0.5761,64.71,69.39
Fold_10_Q,4,0.3708,78.32,81.14,0.8278,71.76,78.18
Fold_10_Q,5,0.2511,85.95,88.07,0.7714,68.24,73.27
Fold_10_Q,6,0.1113,95.32,96.1,0.9376,74.12,78.85
Fold_10_Q,7,0.0376,98.8,99.02,1.2353,62.35,68.63
Fold_10_Q,8,0.035,98.47,98.75,1.4875,68.24,74.77
Fold_10_Q,9,0.0056,100.0,100.0,1.9868,70.59,77.06
Fold_10_Q,10,0.0018,100.0,100.0,2.0942,72.94,79.28
Fold_10_Q,11,0.0011,100.0,100.0,2.0921,71.76,78.18
Fold_10_Q,12,0.0009,100.0,100.0,2.1983,71.76,78.18
Fold_10_Q,13,0.0007,100.0,100.0,2.229,71.76,78.18
Fold_10_Q,14,0.0005,100.0,100.0,2.2719,72.94,79.28
Fold_10_Q,15,0.0005,100.0,100.0,2.2774,70.59,77.06
Fold_10_Q,16,0.0004,100.0,100.0,2.3196,70.59,77.06
Fold_10_Q,17,0.0003,100.0,100.0,2.3636,70.59,77.06
Fold_10_Q,18,0.0003,100.0,100.0,2.4161,71.76,78.18
Fold_10_Q,19,0.0003,100.0,100.0,2.4107,70.59,77.06
Fold_10_Q,20,0.0002,100.0,100.0,2.4733,71.76,78.18
Fold_11_S,1,0.5391,54.47,59.42,0.5212,57.65,67.27
Fold_11_S,2,0.5003,65.25,70.65,0.4834,56.47,50.67
Fold_11_S,3,0.4614,67.21,69.99,0.6342,65.88,75.21
Fold_11_S,4,0.3842,76.8,80.11,0.5639,62.35,67.35
Fold_11_S,5,0.2344,88.13,89.9,0.7992,69.41,78.33
Fold_11_S,6,0.1071,95.42,96.2,0.9089,61.18,69.16
Fold_11_S,7,0.051,97.82,98.2,1.3961,58.82,69.57
Fold_11_S,8,0.0253,99.35,99.46,1.6457,60.0,70.18
Fold_11_S,9,0.0418,97.6,98.03,1.709,61.18,72.27
Fold_11_S,10,0.0332,98.91,99.11,1.2712,67.06,73.08
Fold_11_S,11,0.0355,98.91,99.11,1.4838,62.35,70.37
Fold_11_S,12,0.0112,99.67,99.73,1.9606,68.24,77.69
Fold_11_S,13,0.0018,100.0,100.0,1.7471,67.06,74.07
Fold_11_S,14,0.001,100.0,100.0,1.8612,67.06,74.55
Fold_11_S,15,0.0008,100.0,100.0,1.8934,67.06,74.55
Fold_11_S,16,0.0006,100.0,100.0,1.9472,67.06,74.55
Fold_11_S,17,0.0005,100.0,100.0,1.9858,65.88,73.87
Fold_11_S,18,0.0004,100.0,100.0,2.0292,67.06,75.44
Fold_11_S,19,0.0004,100.0,100.0,2.051,68.24,76.11
Fold_11_S,20,0.0003,100.0,100.0,2.0805,68.24,76.11
Fold_12_T,1,0.5613,52.73,57.58,0.6401,38.24,48.78
Fold_12_T,2,0.5042,64.39,66.87,0.6937,48.53,65.35
Fold_12_T,3,0.4496,72.51,75.96,0.8148,35.29,47.62
Fold_12_T,4,0.3779,77.11,79.73,0.7741,45.59,56.47
Fold_12_T,5,0.2526,87.17,89.01,0.9097,50.0,63.04
Fold_12_T,6,0.1444,93.37,94.35,1.209,51.47,67.33
Fold_12_T,7,0.0622,97.33,97.76,1.7816,47.06,62.5
Fold_12_T,8,0.0248,99.36,99.47,1.6034,58.82,72.0
Fold_12_T,9,0.0331,98.5,98.75,1.9303,52.94,68.0
Fold_12_T,10,0.0078,99.89,99.91,1.8996,48.53,61.54
Fold_12_T,11,0.0016,100.0,100.0,1.9973,48.53,62.37
Fold_12_T,12,0.001,100.0,100.0,2.0749,48.53,62.37
Fold_12_T,13,0.0007,100.0,100.0,2.1464,50.0,63.83
Fold_12_T,14,0.0007,100.0,100.0,2.2064,50.0,63.83
Fold_12_T,15,0.0005,100.0,100.0,2.2576,50.0,63.83
Fold_12_T,16,0.0004,100.0,100.0,2.3158,50.0,63.83
Fold_12_T,17,0.0003,100.0,100.0,2.3536,50.0,63.83
Fold_12_T,18,0.0003,100.0,100.0,2.3842,50.0,63.83
Fold_12_T,19,0.0003,100.0,100.0,2.4128,50.0,63.83
Fold_12_T,20,0.0003,100.0,100.0,2.4473,50.0,63.83
